candidate_rank,symbol,yahoo_symbol,company_name,sector,industry,close,market_cap,composite_score,quality_score,value_score,growth_score,roic,earnings_yield,pe_proxy,pb,peg,eps_cagr_3y,eps_cagr_4y,quarterly_eps_yoy,quarterly_sales_yoy,rs_rank,distance_from_52w_high,growth_confirmation_flag,graham_value_flag,research_status,eps_y0,eps_y1,eps_y2,eps_y3,eps_yoy_1,eps_yoy_2,eps_yoy_3,debt_y0,debt_y3,is_deleveraging,ocf_y0,ocf_y3,ocf_cagr_4y,cum_4yr_ocf_to_ni,positive_earnings_4y_count,qtr_eps_yoy_display,qtr_rev_yoy_display,eps_accelerating,eps_decelerating,ocf_improving,debt_growing,debt_free,profit_quality,graham_stable_earnings,screen_date,run_id
1,HINDZINC,HINDZINC.NS,Hindustan Zinc Ltd.,Basic Materials,Metals & Mining,560.9500122070312,2370192801792,82.12,84.48362720403023,88.46347607052897,71.9647355163728,0.5934541954115193,0.07531908899088963,17.13557549010989,10.474138502770781,1.7881419919492212,0.09582894181367951,0.09582894181367951,1.4461247637051038,0.7169015939928862,81.78,-0.2207379387842079,,,GROWTH_ACCELERATING,32.74,24.5,18.36,24.88,33.632653061224495,33.44226579520697,-26.205787781350487,88330000000,121880000000,1,170080000000,151620000000,0.03903996334559534,1.4056294900482864,4,82,47.6,1,,1,,,HIGH,1,2026-10-06,f1cf092a-5262-4e70-8ab6-1becc127d95b
2,VEDL,VEDL.NS,Vedanta Ltd.,Basic Materials,Metals & Mining,255.0500030517578,995919724544,80.03,87.30478589420655,78.28715365239294,73.57682619647355,0.2748235643711463,0.14672476354942368,5.7266386323040654,2.439126459170728,0.35780879263915166,0.1600474541183048,0.1600474541183048,0.7218788627935724,0.5096865546759348,5.78,-0.6791823860984179,,1,CORE_VALUE,44.21,38.65,11.33,28.32,14.385510996119022,241.1297440423654,-59.99293785310734,278440000000,666180000000,1,394990000000,330650000000,0.06105816388433771,3.1314629598236987,4,57.4,42.9,,,1,,,HIGH,1,2026-10-06,f1cf092a-5262-4e70-8ab6-1becc127d95b
3,BPCL,BPCL.NS,Bharat Petroleum Corporation Ltd.,Energy,Oil Gas & Consumable Fuels,296.95001220703125,1268744192000,75.1,79.64735516372795,75.84382871536523,68.94206549118388,0.24351473336293852,0.2075831522084847,4.909345277043119,1.2665876997823506,0.037913538079706204,1.2948792240708658,1.2948792240708658,-1.2735790131168019,0.3440700230872191,49.78,-0.2417974803147398,,1,CORE_VALUE,60.49,31.21,63.04,5.005,93.816084588273,-50.49175126903553,1159.5404595404596,544244200000,693760300000,1,507689900000,124656000000,0.5969639491062788,1.8025848362084786,4,-142.6,36,,,1,,,HIGH,1,2026-10-06,f1cf092a-5262-4e70-8ab6-1becc127d95b
4,CASTROLIND,CASTROLIND.NS,Castrol India Ltd.,Energy,Oil Gas & Consumable Fuels,199.50999450683594,197339791360,75,77.17884130982367,88.4382871536524,56.77581863979849,0.812950295804073,0.06448523971215778,20.77414034297264,10.384665124454033,3.9766977034583926,0.05223967696842058,0.05223967696842058,0.4210526315789471,0.25028894396825296,55.11,-0.01912487466262247,,,CORE_CANDIDATE,9.6,9.37,8.74,8.24,2.45464247598719,7.208237986270016,6.067961165048552,628100000,499500000,,10901400000,9155600000,0.05990064133322659,1.097400771558075,4,48.7,31.6,,,1,1,,HIGH,1,2026-10-06,f1cf092a-5262-4e70-8ab6-1becc127d95b
5,GLENMARK,GLENMARK.NS,Glenmark Pharmaceuticals Ltd.,Healthcare,Healthcare,2295,647705591808,73.9,91.63727959697732,71.53652392947103,55.96977329974811,0.40513096108751984,0.06267900043129623,47.560679678467025,6.161518985467141,0.7197065680243849,0.6608343148656048,0.6608343148656048,-0.20860314523589274,-0.3451257654742984,79.56,-0.09470228023267191,,,CORE_CANDIDATE,48.24,37.11,-53.22,10.53,29.991915925626532,,,5935270000,46078810000,1,34450280000,6253920000,0.7660926299898971,2.4718299744712646,3,930.7,28.5,,,1,,,HIGH,1,2026-10-06,f1cf092a-5262-4e70-8ab6-1becc127d95b
6,HCLTECH,HCLTECH.NS,HCL Technologies Ltd.,Technology,Information Technology,1201.9000244140625,3252060946432,71.48,81.6624685138539,84.83627204030226,44.005037783375315,0.5656107970291542,0.12668481640842927,19.541286783030884,4.326562823697199,5.079387005544415,0.03847174228248518,0.03847174228248518,0.2039520112914608,0.1393785627203532,50.22,-0.3048617031891132,,,CORE_CANDIDATE,61.36,64.09,57.86,54.79,-4.259634888438136,10.767369512616675,5.603212265011859,52150000000,47860000000,,199750000000,180090000000,0.035139934062900835,1.2803747000077417,4,7.4,14.3,,,1,1,,HIGH,1,2026-10-06,f1cf092a-5262-4e70-8ab6-1becc127d95b
7,PREMIERENE,PREMIERENE.NS,Premier Energies Ltd.,Technology,Capital Goods,891.9500122070312,402667732992,71.41,67.40554156171285,68.18639798488664,79.84886649874056,0.3004987982448679,0.04629236724238116,26.670835054922346,9.347592389841855,,,,0.5300146412884332,0.35252221347121115,48.89,-0.21344796101672725,,,CORE_CANDIDATE,33.63,21.35,5.177766,-0.286572,57.51756440281031,312.3399937347497,,37071450000,7639860000,,12610560000,366850000,2.2514864597316793,1.0264386380561668,3,69.6,51.9,,,1,1,,HIGH,1,2026-10-06,f1cf092a-5262-4e70-8ab6-1becc127d95b
8,KALYANKJIL,KALYANKJIL.NS,Kalyan Jewellers India Ltd.,Consumer Cyclical,Consumer Durables,556.8499755859375,575087378432,69.01,67.55667506297229,59.19395465994961,82.14105793450882,0.1793528521412182,0.034328440016472964,42.58660454400379,9.11576384013665,0.9273707307479695,0.4592187690639711,0.4592187690639711,0.33730158730158744,0.34787321223224055,78.22,-0.13842037275288976,,,CORE_CANDIDATE,13.05,6.93,5.8,4.2,88.31168831168831,19.482758620689644,38.095238095238095,61173380000,42954890000,,13175160000,10133710000,0.09142980332141737,1.5706214470259197,4,31.6,45.7,,,1,1,,HIGH,1,2026-10-06,f1cf092a-5262-4e70-8ab6-1becc127d95b
9,ENRIN,ENRIN.NS,Siemens Energy India Ltd.,Utilities,Capital Goods,3316.39990234375,1181038018560,68.9,88.16120906801008,37.22921914357683,83.37531486146096,0.3236290854504515,0.012046305576418202,107.35733283883283,26.956337583822155,,,,0.6775067750677508,-0.04455122044974058,44.89,-0.1642137342883695,,,CORE_CANDIDATE,30.89,16.84823,,,83.34270128078735,,,1476000000,,,36701000000,,,2.2453973295688487,2,79.1,39.3,,,,,,HIGH,,2026-10-06,f1cf092a-5262-4e70-8ab6-1becc127d95b
10,INDUSTOWER,INDUSTOWER.NS,Indus Towers Ltd.,Communication Services,Telecommunication,380.20001220703125,1002664427520,68.63,72.09068010075566,70.25188916876573,62.69521410579345,0.17842345517182323,0.08928844941522762,14.033288464779073,2.529068616744355,0.26499105356848746,0.5295759338211825,0.5295759338211825,0.004552352048558417,0.046353752978554486,67.11,-0.18066744559558146,,,CORE_CANDIDATE,27.09,37.31,22.4,7.57,-27.39212007504691,66.56250000000001,195.9048877146631,211269000000,191849000000,,156840000000,79048000000,0.2565756773062464,2.1793160204828093,4,-1.9,9.1,,1,1,1,,HIGH,1,2026-10-06,f1cf092a-5262-4e70-8ab6-1becc127d95b
11,HBLENGINE,HBLENGINE.NS,HBL Engineering Ltd.,Industrials,Capital Goods,763.5999755859375,211666059264,67.47,71.183879093199,76.22166246851386,52.92191435768262,0.606711126070363,0.05136420320020875,25.97480141663292,9.559309707348797,0.25387048834632114,1.023151670201186,1.023151670201186,-0.7172721789954846,-0.4782647804399378,27.11,-0.3167253947734726,,,CORE_CANDIDATE,29.397722,9.990081,10.133168,3.55,194.26910552577104,-1.412065802126239,185.44135211267604,668700000,860209000,1,7384400000,1224420000,0.8202383756471641,0.9364816276436367,4,-23.6,6,,,1,,,OK,1,2026-10-06,f1cf092a-5262-4e70-8ab6-1becc127d95b
12,SAGILITY,SAGILITY.NS,Sagility Ltd.,Healthcare,Information Technology,42.56999969482422,199284162560,66.3,57.02770780856424,58.71536523929471,85.96977329974811,0.12268533614580573,0.06176504145890906,21.54963867261843,2.0631756977721936,0.2499853933349061,0.862035912784245,0.862035912784245,0.4375,0.2758654972052228,63.56,-0.2622188084474172,,,CORE_CANDIDATE,1.98,1.17,0.487609,0.306691,69.23076923076923,139.94635045702603,58.99031924640763,11105350000,28715990000,1,12029690000,8567780000,0.11976969528775028,2.3135598990918593,4,17.9,25.2,,,1,,,HIGH,1,2026-10-06,f1cf092a-5262-4e70-8ab6-1becc127d95b
13,RAILTEL,RAILTEL.NS,Railtel Corporation Of India Ltd.,Communication Services,Telecommunication,252.3000030517578,80972759040,66.02,70.88161209068011,67.30478589420656,58.841309823677584,0.23294620487895967,0.057846064673780374,23.380907553707555,3.580314865958322,1.0392596805134442,0.22497656737877358,0.22497656737877358,-0.004854368932038944,0.20093841169115767,16,-0.3638131427695386,,,CORE_CANDIDATE,10.79,9.34,7.67,5.87,15.524625267665936,21.773142112125154,30.664395229982965,637200000,417900000,,3164500000,2838300000,0.036928793761549894,1.306647294533542,4,-41.9,-31.7,,1,1,1,,HIGH,1,2026-10-06,f1cf092a-5262-4e70-8ab6-1becc127d95b
14,JPPOWER,JPPOWER.NS,Jaiprakash Power Ventures Ltd.,Utilities,Power,14.90999984741211,102185074688,64.97,47.40554156171285,68.21158690176323,81.68765743073048,0.07846681397752284,0.07058153154471636,22.676047908039855,1.1447102036134214,0.19891706994651062,1.139974961130159,1.139974961130159,0.6774193548387097,0.12161752444478124,35.56,-0.3914285776566486,,,CORE_CANDIDATE,0.49,0.89,1.09,0.05,-44.9438202247191,-18.34862385321101,2080,33910800000,47605800000,1,13009900000,7674400000,0.19236670989397053,2.43851722149858,4,246.7,32.4,,1,1,,,HIGH,1,2026-10-06,f1cf092a-5262-4e70-8ab6-1becc127d95b
15,NYKAA,NYKAA.NS,FSN E-Commerce Ventures Ltd.,Consumer Cyclical,Consumer Services,339.54998779296875,972902629376,64.8,74.8110831234257,34.584382871536526,88.38790931989924,0.17633545319560232,0.0044797772184446,487.8172028559968,67.65759116093409,4.225593765226547,1.1544346900318834,1.1544346900318834,1.3333333333333335,0.18585836196387007,86.22,-0.028608211555489427,,,GROWTH_ACCELERATING,0.7,0.23,0.11,0.07,204.3478260869565,109.09090909090908,57.14285714285714,12378100000,7984930000,,6443000000,-1402420000,,3.062490143261776,4,250,29.1,1,,1,1,,HIGH,1,2026-10-06,f1cf092a-5262-4e70-8ab6-1becc127d95b
